City_ID,City,Country,Date,Current Description,Lat,Lng,Max Temp,Humidity,Cloudiness,Wind Speed
0,Poum,NC,2022-01-06 21:13:09,overcast clouds,-20.2333,164.0167,81.79,75,94,5.48
1,Carnarvon,AU,2022-01-06 21:11:06,broken clouds,-24.8667,113.6333,78.87,73,67,12.66
2,Ushuaia,AR,2022-01-06 21:13:10,scattered clouds,-54.8,-68.3,53.26,62,40,29.93
3,Bambous Virieux,MU,2022-01-06 21:13:10,broken clouds,-20.3428,57.7575,75.45,94,75,3.44
4,Mataura,NZ,2022-01-06 21:13:11,broken clouds,-46.1927,168.8643,53.47,61,66,4.94
5,Kodiak,US,2022-01-06 21:13:11,light snow,57.79,-152.4072,33.22,92,100,5.23
6,Rikitea,PF,2022-01-06 21:13:12,broken clouds,-23.1203,-134.9692,77.94,72,69,13.8
7,Upernavik,GL,2022-01-06 21:12:57,overcast clouds,72.7868,-56.1549,1.65,99,100,6.33
8,Namibe,AO,2022-01-06 21:13:13,overcast clouds,-15.1961,12.1522,69.58,81,100,5.48
9,Norman Wells,CA,2022-01-06 21:13:13,light snow,65.282,-126.8329,3.22,92,100,18.7
10,Jawhar,SO,2022-01-06 21:13:14,few clouds,2.7809,45.5005,75.65,82,14,14.94
11,Mangan,IN,2022-01-06 21:13:15,overcast clouds,27.5167,88.5333,55.71,54,90,5.77
12,Kysyl-Syr,RU,2022-01-06 21:13:16,broken clouds,63.8986,122.7617,-32.75,95,83,5.91
13,Albany,US,2022-01-06 21:10:27,overcast clouds,42.6001,-73.9662,31.26,69,100,6.73
14,Seydi,TM,2022-01-06 21:13:16,clear sky,39.4816,62.9137,36.25,69,0,5.1
15,Mount Gambier,AU,2022-01-06 21:13:17,mist,-37.8333,140.7667,60.71,100,100,9.22
16,Bredasdorp,ZA,2022-01-06 21:13:17,overcast clouds,-34.5322,20.0403,65.28,84,100,12.44
17,Kenai,US,2022-01-06 21:13:18,light snow,60.5544,-151.2583,-2.9,80,0,5.75
18,Cape Town,ZA,2022-01-06 21:12:24,scattered clouds,-33.9258,18.4232,69.35,62,41,5.01
19,Bluff,NZ,2022-01-06 21:13:18,overcast clouds,-46.6,168.3333,53.8,74,94,11.56
20,Kapaa,US,2022-01-06 21:13:19,clear sky,22.0752,-159.319,78.19,75,0,1.01
21,Sao Filipe,CV,2022-01-06 21:13:19,overcast clouds,14.8961,-24.4956,75.02,65,100,11.34
22,Atuona,PF,2022-01-06 21:13:19,few clouds,-9.8,-139.0333,77.92,76,14,15.08
23,Andreapol,RU,2022-01-06 21:13:20,light snow,56.6513,32.2664,21.85,92,99,9.35
24,Port Alfred,ZA,2022-01-06 21:13:20,overcast clouds,-33.5906,26.891,70.07,88,98,18.57
25,Sasovo,RU,2022-01-06 21:13:21,overcast clouds,54.3537,41.9199,31.75,93,100,10.71
26,Sao Raimundo Nonato,BR,2022-01-06 21:13:21,light rain,-9.0153,-42.6994,75.11,89,99,2.68
27,Khatanga,RU,2022-01-06 21:13:21,overcast clouds,71.9667,102.5,-19.14,99,100,4.88
28,Mar Del Plata,AR,2022-01-06 21:13:22,overcast clouds,-38.0023,-57.5575,70.88,83,100,21.99
29,Provideniya,RU,2022-01-06 21:13:22,clear sky,64.3833,-173.3,12.76,84,3,9.91
30,Pitimbu,BR,2022-01-06 21:13:22,few clouds,-7.4706,-34.8086,81.19,73,20,10.4
31,Henties Bay,NA,2022-01-06 21:13:25,clear sky,-22.116,14.2845,61.86,95,4,5.26
32,Port Elizabeth,ZA,2022-01-06 21:13:25,light rain,-33.918,25.5701,69.1,90,100,15.55
33,Leningradskiy,RU,2022-01-06 21:13:26,broken clouds,69.3833,178.4167,-7.74,92,60,3.56
34,Beringovskiy,RU,2022-01-06 21:13:26,few clouds,63.05,179.3167,3.51,91,24,10.38
35,Butaritari,KI,2022-01-06 21:13:27,scattered clouds,3.0707,172.7902,82.26,76,31,16.02
36,Hami,CN,2022-01-06 21:13:27,overcast clouds,42.8,93.45,24.12,40,100,1.25
37,Rocha,UY,2022-01-06 21:13:27,clear sky,-34.4833,-54.3333,72.59,47,0,12.84
38,Porto Novo,BJ,2022-01-06 21:13:28,clear sky,6.4965,2.6036,81.18,71,6,7.38
39,Ribeira Grande,PT,2022-01-06 21:13:28,few clouds,38.5167,-28.7,55.8,67,20,13.8
40,Kargasok,RU,2022-01-06 21:13:28,scattered clouds,59.0556,80.8572,-17.9,99,47,5.88
41,Punta Arenas,CL,2022-01-06 21:13:29,few clouds,-53.15,-70.9167,62.71,31,20,24.16
42,Aswan,EG,2022-01-06 21:13:29,overcast clouds,24.0934,32.907,64.92,35,90,5.93
43,Tasiilaq,GL,2022-01-06 21:13:29,overcast clouds,65.6145,-37.6368,41.16,60,100,32.28
44,Mitsamiouli,KM,2022-01-06 21:13:30,overcast clouds,-11.3847,43.2844,83.34,73,100,6.02
45,Port Blair,IN,2022-01-06 21:13:13,scattered clouds,11.6667,92.75,78.31,78,31,8.63
46,Atar,MR,2022-01-06 21:13:30,broken clouds,20.5169,-13.0499,64.6,28,71,8.81
47,Vaini,TO,2022-01-06 21:13:30,scattered clouds,-21.2,-175.2,84.36,89,40,10.36
48,Black Forest,US,2022-01-06 21:13:31,few clouds,39.0131,-104.7008,33.84,53,20,3.0
49,Luderitz,NA,2022-01-06 21:13:31,clear sky,-26.6481,15.1594,63.91,74,0,17.56
50,New Norfolk,AU,2022-01-06 21:13:31,overcast clouds,-42.7826,147.0587,66.65,89,100,1.57
51,Mecca,SA,2022-01-06 21:13:32,broken clouds,21.4267,39.8261,72.09,72,54,2.89
52,Airai,TL,2022-01-06 21:13:32,light rain,-8.9266,125.4092,60.69,93,100,1.3
53,Alofi,NU,2022-01-06 21:13:33,light intensity drizzle,-19.0595,-169.9187,80.49,83,75,3.44
54,Eyl,SO,2022-01-06 21:13:33,overcast clouds,7.9803,49.8164,77.02,73,95,18.5
55,Barrow,US,2022-01-06 21:13:33,clear sky,71.2906,-156.7887,-7.58,77,0,6.91
56,Diamantino,BR,2022-01-06 21:13:34,scattered clouds,-14.4086,-56.4461,80.49,85,33,5.35
57,Pevek,RU,2022-01-06 21:13:34,overcast clouds,69.7008,170.3133,-10.08,100,93,0.78
58,Los Llanos De Aridane,ES,2022-01-06 21:13:34,scattered clouds,28.6585,-17.9182,60.12,85,40,23.02
59,Hilo,US,2022-01-06 21:11:20,few clouds,19.7297,-155.09,80.33,72,20,9.22
60,Cherusti,RU,2022-01-06 21:13:35,overcast clouds,55.5498,40.0107,28.83,92,100,8.84
61,Mahebourg,MU,2022-01-06 21:13:35,broken clouds,-20.4081,57.7,75.49,94,75,3.44
62,Yellowknife,CA,2022-01-06 21:13:35,overcast clouds,62.456,-114.3525,-1.01,97,100,11.3
63,Kaitangata,NZ,2022-01-06 21:13:36,broken clouds,-46.2817,169.8464,58.93,71,62,9.82
64,Phalombe,MW,2022-01-06 21:13:36,light rain,-15.8064,35.6507,68.67,94,100,1.41
65,Nouakchott,MR,2022-01-06 21:13:37,overcast clouds,18.0858,-15.9785,75.13,30,96,11.03
66,Puerto Ayora,EC,2022-01-06 21:11:44,overcast clouds,-0.7393,-90.3518,80.56,74,96,10.11
67,Jamestown,US,2022-01-06 21:13:37,overcast clouds,42.097,-79.2353,25.92,68,100,7.0
68,Vanavara,RU,2022-01-06 21:13:38,overcast clouds,60.34,102.2797,-11.2,100,94,3.22
69,Yumen,CN,2022-01-06 21:13:38,overcast clouds,40.2833,97.2,17.92,54,99,7.16
70,Axim,GH,2022-01-06 21:13:38,clear sky,4.8699,-2.2405,80.55,80,4,7.45
71,East London,ZA,2022-01-06 21:11:05,overcast clouds,-33.0153,27.9116,70.88,89,94,13.27
72,Saskylakh,RU,2022-01-06 21:13:39,clear sky,71.9167,114.0833,-20.04,94,8,8.05
73,Upata,VE,2022-01-06 21:13:39,broken clouds,8.0086,-62.3989,83.19,53,74,7.67
74,Paamiut,GL,2022-01-06 21:13:40,overcast clouds,61.994,-49.6678,10.92,91,94,9.13
75,Tuktoyaktuk,CA,2022-01-06 21:13:40,overcast clouds,69.4541,-133.0374,-12.73,95,100,22.44
76,Torbay,CA,2022-01-06 21:13:40,moderate rain,47.6666,-52.7314,49.26,94,100,7.0
77,Hukuntsi,BW,2022-01-06 21:13:41,scattered clouds,-24.0,21.75,79.61,46,25,5.97
78,Gizo,SB,2022-01-06 21:13:41,light rain,-8.103,156.8419,80.92,80,98,7.74
79,Busselton,AU,2022-01-06 21:13:41,clear sky,-33.65,115.3333,63.05,77,0,15.08
80,Viedma,AR,2022-01-06 21:13:42,clear sky,-40.8135,-62.9967,96.31,12,0,8.66
81,Hobart,AU,2022-01-06 21:13:42,broken clouds,-42.8794,147.3294,67.01,93,75,5.75
82,Arraial Do Cabo,BR,2022-01-06 21:13:42,scattered clouds,-22.9661,-42.0278,76.86,78,40,5.75
83,Avarua,CK,2022-01-06 21:13:43,overcast clouds,-21.2078,-159.775,84.25,74,100,5.75
84,Khash,IR,2022-01-06 21:13:43,few clouds,28.2211,61.2158,40.55,68,19,5.39
85,Port Hardy,CA,2022-01-06 21:13:44,light rain,50.6996,-127.4199,44.76,91,100,24.67
86,Kavieng,PG,2022-01-06 21:13:44,light rain,-2.5744,150.7967,82.45,74,100,12.12
87,Lompoc,US,2022-01-06 21:12:54,clear sky,34.6391,-120.4579,77.13,70,1,3.0
88,Chokurdakh,RU,2022-01-06 21:13:44,overcast clouds,70.6333,147.9167,-32.04,97,98,2.57
89,Ulladulla,AU,2022-01-06 21:13:45,light rain,-35.35,150.4667,71.76,86,100,12.37
90,Kargat,RU,2022-01-06 21:13:45,overcast clouds,55.1956,80.2811,6.94,96,92,5.93
91,Itarema,BR,2022-01-06 21:13:45,few clouds,-2.9248,-39.9167,80.4,75,16,11.79
92,Majene,ID,2022-01-06 21:13:46,overcast clouds,-3.5403,118.9707,77.63,86,100,8.93
93,Vostok,RU,2022-01-06 21:13:46,overcast clouds,46.4856,135.8833,-12.66,99,100,3.65
94,Port-Gentil,GA,2022-01-06 21:13:47,broken clouds,-0.7193,8.7815,80.51,81,65,12.15
95,Ancud,CL,2022-01-06 21:13:47,few clouds,-41.8697,-73.8203,79.23,72,13,4.05
96,San Miguel,SV,2022-01-06 21:13:47,clear sky,13.4833,-88.1833,93.56,31,0,3.6
97,Severo-Kurilsk,RU,2022-01-06 21:13:48,light snow,50.6789,156.125,30.58,83,94,15.7
98,Cherskiy,RU,2022-01-06 21:13:48,overcast clouds,68.75,161.3,-9.69,98,100,5.08
99,Kirakira,SB,2022-01-06 21:13:48,overcast clouds,-10.4544,161.9205,81.52,77,93,4.54
100,Nouadhibou,MR,2022-01-06 21:13:49,broken clouds,20.931,-17.0347,64.44,75,81,23.15
101,Norilsk,RU,2022-01-06 21:13:49,overcast clouds,69.3535,88.2027,-18.58,93,100,9.22
102,Marawi,PH,2022-01-06 21:13:50,overcast clouds,7.9986,124.2928,65.64,97,86,2.04
103,Maragogi,BR,2022-01-06 21:13:50,clear sky,-9.0122,-35.2225,79.84,77,7,11.18
104,Eureka,US,2022-01-06 21:12:42,overcast clouds,40.8021,-124.1637,63.19,96,99,3.0
105,Ranong,TH,2022-01-06 21:13:51,broken clouds,9.9658,98.6348,71.98,91,51,4.43
106,Dudinka,RU,2022-01-06 21:13:51,overcast clouds,69.4058,86.1778,-18.38,97,100,15.05
107,Quatre Cocos,MU,2022-01-06 21:13:51,overcast clouds,-20.2078,57.7625,75.31,77,100,4.41
108,Iqaluit,CA,2022-01-06 21:13:52,overcast clouds,63.7506,-68.5145,-22.2,90,98,12.15
109,Chato,TZ,2022-01-06 21:13:52,broken clouds,-2.6378,31.7669,67.82,77,51,3.78
110,Khani,GE,2022-01-06 21:13:52,scattered clouds,41.9563,42.9566,31.57,76,27,9.01
111,Hasaki,JP,2022-01-06 21:13:53,few clouds,35.7333,140.8333,27.0,61,16,12.41
112,Vilcun,CL,2022-01-06 21:13:53,clear sky,-38.65,-72.2333,70.54,29,0,8.19
113,Faanui,PF,2022-01-06 21:13:53,few clouds,-16.4833,-151.75,81.63,70,12,9.78
114,Luau,AO,2022-01-06 21:13:54,overcast clouds,-10.7073,22.2247,66.56,97,100,3.24
115,Qaanaaq,GL,2022-01-06 21:13:54,broken clouds,77.484,-69.3632,1.78,58,57,7.81
116,Nanortalik,GL,2022-01-06 21:13:54,broken clouds,60.1432,-45.2371,22.12,77,53,22.32
117,Gravdal,NO,2022-01-06 21:13:55,clear sky,68.1214,13.5031,24.69,58,0,2.3
118,Kyshtovka,RU,2022-01-06 21:13:55,overcast clouds,56.555,76.6271,6.4,97,93,7.96
119,Georgetown,MY,2022-01-06 21:13:56,few clouds,5.4112,100.3354,80.89,76,20,5.75
120,Boromlya,UA,2022-01-06 21:13:56,overcast clouds,50.6184,34.9704,32.22,92,100,6.42
121,Diffa,NE,2022-01-06 21:13:57,broken clouds,13.3154,12.6113,71.78,18,84,6.64
122,Omsukchan,RU,2022-01-06 21:13:57,scattered clouds,62.5333,155.8,-10.91,90,42,6.04
123,Ucluelet,CA,2022-01-06 21:13:57,light snow,48.9329,-125.5528,34.05,98,100,8.34
124,Santa Isabel Do Rio Negro,BR,2022-01-06 21:13:58,overcast clouds,-0.4139,-65.0192,88.38,54,94,3.36
125,Bilibino,RU,2022-01-06 21:13:58,overcast clouds,68.0546,166.4372,8.67,75,100,2.84
126,Saint George,US,2022-01-06 21:13:58,clear sky,37.1041,-113.5841,64.35,45,0,1.99
127,Lebu,CL,2022-01-06 21:13:59,clear sky,-37.6167,-73.65,61.52,79,3,17.94
128,Mayo,US,2022-01-06 21:13:59,overcast clouds,38.8876,-76.5119,42.42,51,98,3.0
129,Lykhivka,UA,2022-01-06 21:13:59,overcast clouds,48.6874,33.9228,37.9,91,100,9.13
130,Imatra,FI,2022-01-06 21:14:00,broken clouds,61.1719,28.7524,17.13,90,83,3.0
131,Hermanus,ZA,2022-01-06 21:14:00,broken clouds,-34.4187,19.2345,65.8,78,84,15.64
132,Carmen,MX,2022-01-06 21:14:01,few clouds,18.6333,-91.8333,84.24,58,20,8.05
133,Kapit,MY,2022-01-06 21:14:01,overcast clouds,2.0167,112.9333,72.27,99,98,0.87
134,San Marcos,US,2022-01-06 21:13:45,clear sky,33.1434,-117.1661,80.83,52,0,3.0
135,Hithadhoo,MV,2022-01-06 21:14:02,overcast clouds,-0.6,73.0833,81.45,77,100,6.55
136,Souillac,MU,2022-01-06 21:14:02,broken clouds,-20.5167,57.5167,75.58,94,75,3.44
137,Bethel,US,2022-01-06 21:14:02,clear sky,41.3712,-73.414,37.56,57,0,1.01
138,Yarada,IN,2022-01-06 21:14:03,mist,17.65,83.2667,68.32,100,20,2.3
139,Gobabis,NA,2022-01-06 21:14:03,broken clouds,-22.45,18.9667,78.67,36,59,5.12
140,Codrington,AU,2022-01-06 21:14:03,scattered clouds,-38.2667,141.9667,63.27,93,34,1.66
141,Tadpatri,IN,2022-01-06 21:14:04,clear sky,14.9167,78.0167,68.11,85,6,5.79
142,Kruisfontein,ZA,2022-01-06 21:14:04,overcast clouds,-34.0033,24.7314,66.88,93,100,12.55
143,Jardim,BR,2022-01-06 21:14:04,broken clouds,-21.4803,-56.1381,85.01,49,77,7.29
144,Vytegra,RU,2022-01-06 21:14:05,overcast clouds,61.0064,36.4481,12.6,96,99,6.4
145,Udachnyy,RU,2022-01-06 21:14:05,overcast clouds,66.4167,112.4,-10.03,97,100,4.63
146,Xiuyan,CN,2022-01-06 21:14:06,clear sky,40.2928,123.2744,18.46,47,0,2.55
147,Yar-Sale,RU,2022-01-06 21:14:06,overcast clouds,66.8333,70.8333,-7.85,90,100,13.82
148,Sur,OM,2022-01-06 21:14:06,few clouds,22.5667,59.5289,70.61,48,22,21.27
149,Dikson,RU,2022-01-06 21:14:07,overcast clouds,73.5069,80.5464,-9.87,95,100,13.33
150,San Cristobal,VE,2022-01-06 21:14:07,broken clouds,7.7669,-72.225,77.18,29,53,4.59
151,Tura,IN,2022-01-06 21:14:07,clear sky,25.5198,90.2201,57.16,69,2,3.38
152,Tsogni,GA,2022-01-06 21:14:08,broken clouds,-2.7942,10.0988,76.51,90,54,4.12
153,Kahului,US,2022-01-06 21:14:08,few clouds,20.8947,-156.47,79.86,74,20,10.36
154,Vorontsovka,RU,2022-01-06 21:14:08,overcast clouds,50.6132,40.3549,33.4,98,100,5.7
155,Yiyang,CN,2022-01-06 21:14:09,overcast clouds,28.5892,112.3283,41.16,92,100,7.05
156,Goderich,CA,2022-01-06 21:14:09,light snow,43.7501,-81.7165,22.21,87,100,13.82
157,Motril,ES,2022-01-06 21:14:09,broken clouds,36.7507,-3.5179,55.54,94,71,1.54
158,Carutapera,BR,2022-01-06 21:14:10,overcast clouds,-1.195,-46.02,78.06,87,95,7.54
159,Touros,BR,2022-01-06 21:14:10,broken clouds,-5.1989,-35.4608,83.3,75,67,9.75
160,Burlington,US,2022-01-06 21:10:52,clear sky,39.8835,-74.6413,39.52,47,0,1.01
161,Capoterra,IT,2022-01-06 21:14:11,scattered clouds,39.1763,8.9718,47.53,85,40,6.91
162,Saint-Augustin,CA,2022-01-06 21:14:11,snow,51.226,-58.6502,10.58,92,100,21.34
163,Maceio,BR,2022-01-06 21:09:26,scattered clouds,-9.6658,-35.7353,81.84,78,40,12.66
164,Gualdo Tadino,IT,2022-01-06 21:14:11,overcast clouds,43.2317,12.781,40.86,80,100,1.99
165,Masumbwe,TZ,2022-01-06 21:14:12,scattered clouds,-3.6333,32.1833,64.47,89,50,0.74
166,Pangnirtung,CA,2022-01-06 21:14:12,overcast clouds,66.1451,-65.7125,-15.61,99,100,3.0
167,Oskemen,KZ,2022-01-06 21:14:12,overcast clouds,49.9565,82.6119,13.93,92,100,2.33
168,San Cosme Y Damian,PY,2022-01-06 21:14:13,clear sky,-27.3167,-56.35,89.78,32,0,9.42
169,Nchelenge,ZM,2022-01-06 21:14:13,light rain,-9.3451,28.734,71.26,83,100,2.24
170,Miyako,JP,2022-01-06 21:14:14,broken clouds,39.6367,141.9525,30.16,84,70,6.26
171,Guerrero Negro,MX,2022-01-06 21:14:14,clear sky,27.9769,-114.0611,71.11,32,0,6.67
172,Umba,RU,2022-01-06 21:14:15,overcast clouds,66.6871,34.3429,16.2,90,100,14.7
173,Comodoro Rivadavia,AR,2022-01-06 21:14:15,clear sky,-45.8667,-67.5,78.66,29,0,11.5
174,Auki,SB,2022-01-06 21:14:15,broken clouds,-8.7676,160.7034,79.52,87,82,7.23
175,Castro,BR,2022-01-06 21:14:16,scattered clouds,-24.7911,-50.0119,66.87,93,38,11.12
176,Unai,BR,2022-01-06 21:14:16,moderate rain,-16.3575,-46.9061,76.1,88,67,4.59
177,Kloulklubed,PW,2022-01-06 21:14:16,broken clouds,7.0419,134.2556,82.33,75,69,7.31
178,Lorengau,PG,2022-01-06 21:14:17,overcast clouds,-2.0226,147.2712,81.63,75,100,10.09
179,Victoria,HK,2022-01-06 21:10:45,broken clouds,22.2855,114.1577,66.18,87,83,1.99
180,Geraldton,AU,2022-01-06 21:14:17,overcast clouds,-28.7667,114.6,73.81,83,100,12.66
181,Thompson,CA,2022-01-06 21:14:17,broken clouds,55.7435,-97.8558,-14.06,90,84,7.63
182,Humberto De Campos,BR,2022-01-06 21:14:18,overcast clouds,-2.5983,-43.4611,79.12,82,100,6.89
183,Fairview,US,2022-01-06 21:14:18,clear sky,40.8126,-73.999,38.77,45,0,0.0
184,Vila Franca Do Campo,PT,2022-01-06 21:14:18,broken clouds,37.7167,-25.4333,57.61,74,77,11.3
185,Turukhansk,RU,2022-01-06 21:14:19,overcast clouds,65.8167,87.9833,-25.2,98,100,6.78
186,Iwaki,JP,2022-01-06 21:14:19,few clouds,37.05,140.8833,37.02,65,22,8.01
187,Esso,RU,2022-01-06 21:14:19,overcast clouds,55.9333,158.7,9.12,95,100,2.33
188,Maraa,BR,2022-01-06 21:11:14,overcast clouds,-1.8333,-65.3667,87.64,56,99,3.06
189,Calabozo,VE,2022-01-06 21:14:20,scattered clouds,8.9242,-67.4293,92.53,21,40,7.05
190,Cidreira,BR,2022-01-06 21:14:21,scattered clouds,-30.1811,-50.2056,71.74,65,28,12.53
191,Hobyo,SO,2022-01-06 21:14:21,few clouds,5.3505,48.5268,78.12,79,12,19.15
192,Inhambane,MZ,2022-01-06 21:14:22,scattered clouds,-23.865,35.3833,78.28,72,33,10.2
193,Bakchar,RU,2022-01-06 21:14:22,broken clouds,57.0186,82.0711,-17.28,100,62,3.15
194,Luocheng,CN,2022-01-06 21:14:23,overcast clouds,29.3848,104.0286,49.32,74,100,1.57
195,Chapais,CA,2022-01-06 21:14:23,clear sky,49.7834,-74.8492,-1.62,91,7,6.6
196,Aklavik,CA,2022-01-06 21:14:24,broken clouds,68.2191,-135.0107,-3.21,82,72,24.47
197,Ajdabiya,LY,2022-01-06 21:14:24,clear sky,30.7554,20.2263,58.03,49,6,9.51
198,Aljezur,PT,2022-01-06 21:14:25,few clouds,37.3191,-8.8033,51.84,81,21,9.91
199,Yerbogachen,RU,2022-01-06 21:14:25,scattered clouds,61.2767,108.0108,-8.54,100,38,4.41
200,Oktyabrskiy,RU,2022-01-06 21:14:26,light snow,54.4815,53.471,32.13,96,100,18.68
201,Ojinaga,MX,2022-01-06 21:12:06,clear sky,29.5667,-104.4167,75.58,21,0,4.61
202,Ternate,ID,2022-01-06 21:14:26,overcast clouds,0.8,127.4,78.93,83,97,7.74
203,Anshun,CN,2022-01-06 21:14:27,overcast clouds,26.25,105.9333,39.96,94,100,7.74
204,Esperance,AU,2022-01-06 21:14:27,clear sky,-33.8667,121.9,58.08,87,4,10.16
205,Brae,GB,2022-01-06 21:14:27,overcast clouds,60.3964,-1.353,44.51,85,100,23.89
206,Kikwit,CD,2022-01-06 21:14:28,overcast clouds,-5.041,18.8162,73.11,81,100,1.63
207,Saint-Philippe,RE,2022-01-06 21:14:28,overcast clouds,-21.3585,55.7679,74.79,76,100,4.7
208,Vidim,RU,2022-01-06 21:14:28,overcast clouds,56.4088,103.1106,9.36,99,100,4.03
209,Sitka,US,2022-01-06 21:14:29,clear sky,57.0531,-135.33,24.69,58,0,4.61
210,Egvekinot,RU,2022-01-06 21:14:29,few clouds,66.3167,-179.1667,9.45,83,23,12.08
211,Galveston,US,2022-01-06 21:14:29,clear sky,29.3669,-94.9669,73.99,63,0,10.0
212,Flin Flon,CA,2022-01-06 21:14:30,scattered clouds,54.7682,-101.865,-14.08,85,48,8.1
213,Fenoarivo Atsinanana,MG,2022-01-06 21:14:30,light rain,-17.3667,49.4167,74.82,90,99,2.93
214,Kemptville,CA,2022-01-06 21:14:30,overcast clouds,45.0168,-75.641,28.94,83,99,7.61
215,Tungi,BD,2022-01-06 21:14:31,haze,23.89,90.4058,68.0,73,2,0.0
216,Maniitsoq,GL,2022-01-06 21:14:31,overcast clouds,65.4167,-52.9,19.4,85,100,7.36
217,Sola,VU,2022-01-06 21:14:31,broken clouds,-13.8833,167.55,84.87,70,75,6.91
218,Klaksvik,FO,2022-01-06 21:14:32,overcast clouds,62.2266,-6.589,40.12,79,100,14.12
219,Soto La Marina,MX,2022-01-06 21:14:32,clear sky,23.7667,-98.2167,82.78,39,7,5.37
220,Punta Gorda,US,2022-01-06 21:14:33,broken clouds,26.9298,-82.0454,77.05,50,75,3.0
221,Sumkino,RU,2022-01-06 21:14:33,overcast clouds,58.1108,68.3244,2.19,95,100,9.89
222,Necochea,AR,2022-01-06 21:13:19,overcast clouds,-38.5473,-58.7368,81.84,33,87,16.26
223,Nuuk,GL,2022-01-06 21:14:34,overcast clouds,64.1835,-51.7216,20.88,73,98,8.01
224,Rio Gallegos,AR,2022-01-06 21:14:34,few clouds,-51.6226,-69.2181,75.25,22,20,31.07
225,Orlik,RU,2022-01-06 21:14:35,scattered clouds,52.5178,99.825,-4.52,94,32,2.71
226,Bodinayakkanur,IN,2022-01-06 21:14:35,overcast clouds,10.0167,77.35,71.4,88,91,1.61
227,Beyneu,KZ,2022-01-06 21:14:36,broken clouds,45.3167,55.2,34.7,88,83,13.11
228,Basco,PH,2022-01-06 21:14:36,scattered clouds,20.4487,121.9702,75.02,78,41,22.08
229,Clyde River,CA,2022-01-06 21:14:36,overcast clouds,70.4692,-68.5914,-19.64,84,88,4.63
230,Tilichiki,RU,2022-01-06 21:14:37,scattered clouds,60.4667,166.1,4.48,76,29,10.04
231,Isangel,VU,2022-01-06 21:14:37,few clouds,-19.55,169.2667,86.11,74,20,4.61
232,Kathu,TH,2022-01-06 21:14:37,scattered clouds,7.9178,98.3332,75.02,81,43,9.95
233,Abha,SA,2022-01-06 21:14:38,clear sky,18.2164,42.5053,52.05,82,0,6.91
234,Alugan,PH,2022-01-06 21:14:38,overcast clouds,12.2188,125.4808,77.58,86,97,11.43
235,Esil,KZ,2022-01-06 21:14:39,overcast clouds,51.9556,66.4042,26.38,95,99,12.39
236,Duldurga,RU,2022-01-06 21:14:39,overcast clouds,50.6761,113.5931,0.28,94,100,3.0
237,Narasannapeta,IN,2022-01-06 21:14:39,scattered clouds,18.4167,84.05,66.97,81,31,5.35
238,Kutum,SD,2022-01-06 21:14:40,few clouds,14.2,24.6667,64.81,26,12,5.37
239,Pauini,BR,2022-01-06 21:14:40,overcast clouds,-7.7136,-66.9764,81.72,72,98,4.38
240,Belmonte,BR,2022-01-06 21:14:41,overcast clouds,-15.8631,-38.8828,81.1,77,100,9.73
241,Sinnamary,GF,2022-01-06 21:14:41,overcast clouds,5.3833,-52.95,76.89,90,100,10.98
242,Astoria,US,2022-01-06 21:10:32,moderate rain,46.1879,-123.8313,52.02,97,100,15.01
243,Tiksi,RU,2022-01-06 21:14:42,overcast clouds,71.6872,128.8694,-10.84,82,97,11.48
244,Anadyr,RU,2022-01-06 21:14:42,scattered clouds,64.75,177.4833,-1.64,97,37,1.72
245,Hofn,IS,2022-01-06 21:14:42,overcast clouds,64.2539,-15.2082,40.59,73,99,11.45
246,Santa Cruz,BO,2022-01-06 21:14:43,scattered clouds,-17.8,-63.1667,93.25,46,40,4.61
247,Haines Junction,CA,2022-01-06 21:14:43,overcast clouds,60.7522,-137.5108,-20.76,97,100,0.87
248,Ponta Do Sol,PT,2022-01-06 21:14:43,scattered clouds,32.6667,-17.1,64.0,72,33,5.55
249,Atambua,ID,2022-01-06 21:14:44,moderate rain,-9.1061,124.8925,74.17,90,100,2.04
250,Komsomolskiy,UZ,2022-01-06 21:14:44,mist,40.4272,71.7189,39.92,87,100,4.61
251,Meulaboh,ID,2022-01-06 21:14:45,overcast clouds,4.1363,96.1285,76.23,90,100,5.19
252,Taian,CN,2022-01-06 21:14:45,few clouds,36.1853,117.12,31.95,70,12,0.63
253,Kattivakkam,IN,2022-01-06 21:14:45,broken clouds,13.2167,80.3167,78.08,85,80,6.85
254,Northam,GB,2022-01-06 21:14:46,overcast clouds,51.0333,-4.2167,44.56,84,94,24.65
255,Arawa,PG,2022-01-06 21:14:46,light rain,-6.2132,155.5367,77.61,92,100,1.36
256,Wanaka,NZ,2022-01-06 21:09:55,clear sky,-44.7,169.15,58.1,55,5,1.99
257,Moron,AR,2022-01-06 21:14:47,clear sky,-34.6534,-58.6198,83.95,51,0,7.0
258,Nikolskoye,RU,2022-01-06 21:14:47,scattered clouds,59.7035,30.7861,19.29,96,37,5.21
259,Longyearbyen,SJ,2022-01-06 21:14:47,light snow,78.2186,15.6401,19.24,86,100,4.61
260,Diphu,IN,2022-01-06 21:14:48,clear sky,25.8333,93.4333,54.07,76,2,0.51
261,Nizhnevartovsk,RU,2022-01-06 21:14:48,clear sky,60.9344,76.5531,-17.99,76,0,4.47
262,Ous,RU,2022-01-06 21:14:48,overcast clouds,60.9058,61.5186,4.5,93,100,9.64
263,Konstantinovsk,RU,2022-01-06 21:14:49,overcast clouds,47.5828,41.0922,48.38,88,100,12.28
264,Fairhope,US,2022-01-06 21:14:49,scattered clouds,30.523,-87.9033,75.15,70,40,5.75
265,Romitan,UZ,2022-01-06 21:14:49,overcast clouds,39.9343,64.3814,35.55,93,100,2.3
266,Chulakivka,UA,2022-01-06 21:14:50,few clouds,46.3576,32.3514,41.94,90,21,9.28
267,Mehamn,NO,2022-01-06 21:14:50,few clouds,71.0357,27.8492,28.31,67,20,8.05
268,Ostrovnoy,RU,2022-01-06 21:14:50,light snow,68.0531,39.5131,20.3,94,100,13.85
269,Maple Creek,CA,2022-01-06 21:10:11,overcast clouds,49.9168,-109.4848,-1.86,80,100,10.36
270,Manjo,CM,2022-01-06 21:14:51,overcast clouds,4.8428,9.8217,74.93,72,99,1.72
271,Haysville,US,2022-01-06 21:10:11,clear sky,37.5645,-97.3523,14.4,64,0,10.0
272,Chiriguana,CO,2022-01-06 21:14:52,broken clouds,9.3624,-73.6031,94.59,32,66,3.83
273,Iquitos,PE,2022-01-06 21:11:46,scattered clouds,-3.7481,-73.2472,93.24,43,40,1.14
274,Hun,LY,2022-01-06 21:14:52,clear sky,29.1268,15.9477,57.78,32,0,5.23
275,Ust-Kut,RU,2022-01-06 21:14:52,light snow,56.7938,105.7672,16.11,98,100,2.82
276,Juneau,US,2022-01-06 21:14:53,clear sky,58.3019,-134.4197,12.2,52,0,0.0
277,Hede,CN,2022-01-06 21:14:53,overcast clouds,33.7681,120.2517,34.7,80,100,5.21
278,Bam,IR,2022-01-06 21:14:53,clear sky,29.106,58.357,43.57,43,0,11.97
279,Grindavik,IS,2022-01-06 21:14:54,broken clouds,63.8424,-22.4338,37.35,87,75,18.41
280,Bandarbeyla,SO,2022-01-06 21:14:54,scattered clouds,9.4942,50.8122,77.61,73,28,17.43
281,Kropotkin,RU,2022-01-06 21:12:54,overcast clouds,45.4375,40.5756,49.46,57,98,13.33
282,Vao,NC,2022-01-06 21:14:55,overcast clouds,-22.6667,167.4833,77.2,75,99,17.81
283,Kaihua,CN,2022-01-06 21:14:55,few clouds,23.3687,104.28,49.57,97,23,5.46
284,Banda Aceh,ID,2022-01-06 21:14:56,overcast clouds,5.5577,95.3222,77.74,85,100,8.7
285,Camacha,PT,2022-01-06 21:14:56,scattered clouds,33.0833,-16.3333,60.53,77,40,14.97
286,Rio Branco,BR,2022-01-06 21:14:56,broken clouds,-9.9747,-67.81,75.81,94,75,5.75
287,Mocuba,MZ,2022-01-06 21:14:57,overcast clouds,-16.8392,36.9856,72.75,96,100,2.37
288,Kambove,CD,2022-01-06 21:14:57,overcast clouds,-10.8764,26.5969,61.88,95,98,1.88
289,Half Moon Bay,US,2022-01-06 21:13:44,mist,37.4636,-122.4286,64.89,92,100,5.75
290,Opuwo,NA,2022-01-06 21:14:57,clear sky,-18.0607,13.84,68.76,31,10,9.15
291,Am Timan,TD,2022-01-06 21:14:58,broken clouds,11.0297,20.2827,78.4,22,61,4.23
292,Bilma,NE,2022-01-06 21:14:58,clear sky,18.6853,12.9164,66.72,22,7,5.44
293,Nakatsu,JP,2022-01-06 21:14:59,broken clouds,33.5981,131.1883,41.04,71,70,5.39
294,Lagoa,PT,2022-01-06 21:14:59,overcast clouds,39.05,-27.9833,56.62,64,100,15.79
295,San Patricio,US,2022-01-06 21:14:59,clear sky,28.017,-97.5169,83.08,28,0,15.93
296,Dobsice,CZ,2022-01-06 21:15:00,clear sky,48.8483,16.0822,31.39,61,0,6.4
297,Machali,CL,2022-01-06 21:15:00,clear sky,-34.1833,-70.6667,83.48,32,0,12.66
298,Pryyutivka,UA,2022-01-06 21:15:00,overcast clouds,48.7209,33.0708,37.38,83,100,6.58
299,Lavrentiya,RU,2022-01-06 21:15:01,scattered clouds,65.5833,-171.0,6.13,94,28,5.7
300,Belyy Yar,RU,2022-01-06 21:15:01,smoke,53.6039,91.3903,4.89,95,100,0.0
301,Pisco,PE,2022-01-06 21:15:02,clear sky,-13.7,-76.2167,77.05,69,0,24.16
302,Umm Kaddadah,SD,2022-01-06 21:15:02,few clouds,13.6017,26.6876,66.09,25,12,11.43
303,Waddan,LY,2022-01-06 21:15:02,clear sky,29.1614,16.139,56.66,35,0,3.31
304,Pascagoula,US,2022-01-06 21:12:47,few clouds,30.3658,-88.5561,75.42,75,20,6.91
305,Leeton,AU,2022-01-06 21:15:03,thunderstorm,-34.5667,146.4,69.85,78,81,13.8
306,Grand Gaube,MU,2022-01-06 21:15:03,light rain,-20.0064,57.6608,75.6,90,100,8.05
307,Buraydah,SA,2022-01-06 21:15:04,clear sky,26.326,43.975,48.65,54,0,5.03
308,Cabo San Lucas,MX,2022-01-06 21:13:28,clear sky,22.8909,-109.9124,82.62,61,0,5.99
309,Kalabagh,PK,2022-01-06 21:15:04,light rain,32.965,71.557,52.57,81,100,5.48
310,Thyolo,MW,2022-01-06 21:15:05,overcast clouds,-16.0678,35.1405,65.84,92,100,3.11
311,Waingapu,ID,2022-01-06 21:15:05,moderate rain,-9.6567,120.2641,78.67,80,100,5.12
312,Jiuquan,CN,2022-01-06 21:15:06,broken clouds,39.7432,98.5174,18.75,59,80,5.61
313,Darovskoy,RU,2022-01-06 21:15:06,overcast clouds,58.77,47.9564,8.37,100,100,3.02
314,Ozu,JP,2022-01-06 21:15:06,broken clouds,33.5,132.55,38.82,77,59,11.34
315,Shelburne,CA,2022-01-06 21:15:07,overcast clouds,44.0787,-80.2041,22.28,84,100,3.58
316,Kharagpur,IN,2022-01-06 21:15:07,clear sky,22.3333,87.3333,64.67,44,0,5.06
317,Muhos,FI,2022-01-06 21:15:07,light snow,64.808,25.9931,-0.11,96,97,7.34
318,Slave Lake,CA,2022-01-06 21:15:08,few clouds,55.2834,-114.769,-9.94,85,15,9.13
319,Talnakh,RU,2022-01-06 21:15:08,overcast clouds,69.4865,88.3972,-18.8,97,100,10.18
320,Bada,RU,2022-01-06 21:15:09,overcast clouds,51.392,109.8717,4.48,95,100,2.91
321,Remedios,CU,2022-01-06 21:15:09,clear sky,22.4947,-79.5458,85.12,61,0,9.82
322,Lasa,IT,2022-01-06 21:15:09,few clouds,46.6166,10.7002,28.31,62,21,1.39
323,Padang,ID,2022-01-06 21:15:10,heavy intensity rain,-0.9492,100.3543,77.05,87,93,3.65
324,Dingle,PH,2022-01-06 21:15:10,few clouds,10.9995,122.6711,71.37,93,14,7.09
325,Saldanha,ZA,2022-01-06 21:15:10,scattered clouds,-33.0117,17.9442,66.25,91,26,12.12
326,Husavik,IS,2022-01-06 21:15:11,broken clouds,66.0449,-17.3389,37.31,84,60,14.36
327,Milkovo,RU,2022-01-06 21:15:11,light snow,54.7167,158.6167,12.42,96,100,2.95
328,Tema,GH,2022-01-06 21:15:12,clear sky,5.667,-0.0166,84.61,79,0,6.91
329,Ambon,ID,2022-01-06 21:15:12,scattered clouds,-3.6954,128.1814,75.34,100,40,8.05
330,Shimoda,JP,2022-01-06 21:15:12,clear sky,34.6667,138.95,33.1,77,6,4.56
331,Kemijarvi,FI,2022-01-06 21:15:13,light snow,66.7131,27.4306,14.07,90,100,12.91
332,Bundaberg,AU,2022-01-06 21:15:13,overcast clouds,-24.85,152.35,77.22,95,100,1.01
333,Port Pirie,AU,2022-01-06 21:15:14,overcast clouds,-33.1833,138.0167,60.89,72,99,13.38
334,Batagay,RU,2022-01-06 21:15:14,overcast clouds,67.6333,134.6333,-43.78,98,95,0.78
335,Holly Springs,US,2022-01-06 21:14:01,few clouds,35.6513,-78.8336,59.41,40,11,4.0
336,Bengkulu,ID,2022-01-06 21:15:14,broken clouds,-3.8004,102.2655,75.24,88,76,4.32
337,Berdigestyakh,RU,2022-01-06 21:15:15,broken clouds,62.0989,126.6992,-43.74,100,55,2.73
338,Okato,NZ,2022-01-06 21:15:15,clear sky,-39.2,173.8833,62.42,53,0,9.1
339,Roma,US,2022-01-06 21:14:02,overcast clouds,43.2128,-75.4557,30.06,66,100,5.75
340,Kawalu,ID,2022-01-06 21:15:15,broken clouds,-7.3817,108.2082,71.83,95,79,1.54
341,Tank,PK,2022-01-06 21:15:16,light rain,32.2217,70.3793,55.31,68,100,3.74
342,Acari,PE,2022-01-06 21:15:16,overcast clouds,-15.4311,-74.6158,78.71,67,100,9.17
343,Nacala,MZ,2022-01-06 21:15:17,overcast clouds,-14.5428,40.6728,76.5,91,100,1.48
344,Tungor,RU,2022-01-06 21:15:17,overcast clouds,53.3808,142.9564,-6.18,86,100,17.76
345,Pringsewu,ID,2022-01-06 21:15:17,overcast clouds,-5.3582,104.9744,73.92,96,100,2.82
346,Plast,RU,2022-01-06 21:15:18,overcast clouds,54.3691,60.8136,12.87,95,100,12.39
347,Fortuna,US,2022-01-06 21:15:18,overcast clouds,40.5982,-124.1573,62.92,88,100,1.01
348,Barabinsk,RU,2022-01-06 21:15:18,overcast clouds,55.3571,78.357,9.64,94,97,7.7
349,Salalah,OM,2022-01-06 21:15:19,clear sky,17.0151,54.0924,71.69,18,0,17.27
350,Chiredzi,ZW,2022-01-06 21:15:19,overcast clouds,-21.05,31.6667,79.72,57,97,7.02
351,San Ramon,US,2022-01-06 21:14:40,mist,37.7799,-121.978,61.09,91,100,0.0
352,Camopi,GF,2022-01-06 21:15:20,overcast clouds,3.1655,-52.3158,75.4,98,91,2.62
353,Quarai,BR,2022-01-06 21:11:14,clear sky,-30.3875,-56.4514,91.76,16,0,15.3
354,Matamoros,MX,2022-01-06 21:15:20,clear sky,25.5333,-103.25,75.31,12,0,0.0
355,Ribera,IT,2022-01-06 21:15:21,overcast clouds,37.4984,13.2642,52.39,81,100,4.9
356,San Jeronimo,PE,2022-01-06 21:15:21,broken clouds,-11.9472,-75.2829,63.1,49,73,6.93
357,Cabedelo,BR,2022-01-06 21:15:22,few clouds,-6.9811,-34.8339,81.27,73,21,10.51
358,Orocue,CO,2022-01-06 21:15:22,broken clouds,4.7912,-71.3354,94.26,24,65,7.65
359,Rabaul,PG,2022-01-06 21:15:22,light rain,-4.1967,152.1721,79.84,78,100,6.73
360,Deputatskiy,RU,2022-01-06 21:15:23,broken clouds,69.3,139.9,-25.94,92,79,0.98
361,Noshiro,JP,2022-01-06 21:15:23,snow,40.2039,140.0242,31.62,80,100,23.15
362,Tongchuan,CN,2022-01-06 21:15:23,overcast clouds,35.0806,109.0897,30.74,85,86,2.3
363,Vondrozo,MG,2022-01-06 21:15:24,overcast clouds,-22.8167,47.2833,67.37,96,100,1.3
364,Kampong Cham,KH,2022-01-06 21:15:24,clear sky,11.9934,105.4635,72.41,81,9,3.91
365,Sili,CN,2022-01-06 21:15:25,broken clouds,28.4,117.1667,44.92,80,81,3.36
366,Adrar,MR,2022-01-06 21:15:25,broken clouds,20.5022,-10.0711,62.62,19,62,9.82
367,Savannakhet,LA,2022-01-06 21:15:25,broken clouds,16.566,104.751,63.57,94,83,4.94
368,General Roca,AR,2022-01-06 21:15:26,few clouds,-39.0333,-67.5833,88.2,20,16,13.89
369,Vigrestad,NO,2022-01-06 21:15:26,light snow,58.5667,5.7,39.0,77,100,20.31
370,Cayenne,GF,2022-01-06 21:15:27,broken clouds,4.9333,-52.3333,75.24,91,75,7.0
371,Halifax,CA,2022-01-06 21:11:10,clear sky,44.6453,-63.5724,40.48,79,9,5.01
372,Montana,BG,2022-01-06 21:15:27,overcast clouds,43.4125,23.225,43.21,75,100,8.37
373,Chingirlau,KZ,2022-01-06 21:15:27,overcast clouds,51.095,54.0814,33.91,99,100,21.36
374,Julio De Castilhos,BR,2022-01-06 21:15:28,clear sky,-29.2269,-53.6817,78.57,36,0,17.05
375,Nishihara,JP,2022-01-06 21:15:28,broken clouds,26.1842,127.7558,63.68,71,75,5.75
376,Aldan,RU,2022-01-06 21:15:29,broken clouds,58.6031,125.3894,-30.57,100,61,4.07
377,Cuicatlan,MX,2022-01-06 21:15:29,clear sky,17.8,-96.9667,90.82,30,0,4.81
378,Dwarka,IN,2022-01-06 21:15:29,clear sky,22.2394,68.9678,69.75,72,0,2.64
379,Kaspiyskiy,RU,2022-01-06 21:15:30,overcast clouds,45.3929,47.3707,41.56,85,100,11.18
380,Pitkyaranta,RU,2022-01-06 21:15:30,overcast clouds,61.5734,31.4792,6.85,97,89,6.15
381,Kutahya,TR,2022-01-06 21:15:31,overcast clouds,39.4242,29.9833,35.49,85,100,3.22
382,Shubarkuduk,KZ,2022-01-06 21:15:31,light snow,49.1447,56.4872,30.07,96,100,20.4
383,Te Anau,NZ,2022-01-06 21:16:48,scattered clouds,-45.4167,167.7167,52.75,64,27,1.5
384,Mitu,CO,2022-01-06 21:16:48,overcast clouds,1.1983,-70.1733,84.74,56,98,1.34
385,Gubkinskiy,RU,2022-01-06 21:16:48,broken clouds,64.434,76.5026,-25.17,89,58,10.09
386,Yulara,AU,2022-01-06 21:16:49,clear sky,-25.2406,130.9889,67.84,30,0,8.05
387,Merrill,US,2022-01-06 21:12:42,overcast clouds,45.1805,-89.6835,13.68,76,100,9.22
388,Ponta Delgada,PT,2022-01-06 21:16:49,few clouds,37.7333,-25.6667,57.92,67,20,16.11
389,Surt,LY,2022-01-06 21:16:50,clear sky,31.2089,16.5887,62.29,44,0,6.06
390,Nyimba,ZM,2022-01-06 21:16:50,overcast clouds,-14.5566,30.8149,70.25,88,90,3.71
391,Gorom-Gorom,BF,2022-01-06 21:16:50,scattered clouds,14.4439,-0.2361,71.74,16,29,7.29
392,Ocos,GT,2022-01-06 21:16:51,clear sky,14.5094,-92.1933,91.9,61,0,10.36
393,Pacific Grove,US,2022-01-06 21:16:51,mist,36.6177,-121.9166,67.57,80,40,8.99
394,La Ronge,CA,2022-01-06 21:16:51,broken clouds,55.1001,-105.2842,-11.99,87,67,5.79
395,Usab,PH,2022-01-06 21:16:52,scattered clouds,12.3308,123.5806,73.74,91,36,6.04
396,Osoyoos,CA,2022-01-06 21:15:12,overcast clouds,49.0331,-119.4524,32.99,92,100,3.96
397,Monkey Bay,MW,2022-01-06 21:16:52,overcast clouds,-14.0728,34.9201,76.19,76,100,8.59
398,Revelstoke,CA,2022-01-06 21:16:52,light snow,50.9832,-118.2023,23.22,94,100,3.96
399,Pleasant Point,NZ,2022-01-06 21:16:53,few clouds,-44.2667,171.1333,57.81,58,13,4.32
400,Nome,US,2022-01-06 21:16:53,clear sky,64.5011,-165.4064,-2.13,84,0,0.0
401,Vuktyl,RU,2022-01-06 21:16:53,overcast clouds,63.8567,57.3094,8.87,74,100,8.21
402,Nelson,NZ,2022-01-06 21:12:01,overcast clouds,-41.2833,173.2833,60.8,60,86,1.34
403,Rosario Do Sul,BR,2022-01-06 21:16:54,clear sky,-30.2583,-54.9142,89.64,22,0,15.9
404,Amapa,BR,2022-01-06 21:16:54,overcast clouds,1.0,-52.0,75.6,98,100,2.28
405,Armizonskoye,RU,2022-01-06 21:16:54,overcast clouds,55.9461,67.6736,18.77,96,100,10.56
406,Arica,CL,2022-01-06 21:16:55,clear sky,-18.475,-70.3042,78.35,73,0,12.66
407,Ola,RU,2022-01-06 21:16:55,clear sky,59.5833,151.2833,3.34,80,1,10.29
408,Primorsk,UA,2022-01-06 21:16:56,overcast clouds,46.7348,36.3443,44.4,97,92,12.39
409,Cururupu,BR,2022-01-06 21:16:56,overcast clouds,-1.8283,-44.8683,78.01,85,98,4.65
410,Saint-Francois,FR,2022-01-06 21:16:56,clear sky,46.4154,3.9054,32.68,83,0,3.44
411,Akyab,MM,2022-01-06 21:16:57,clear sky,20.15,92.9,64.4,62,8,6.91
412,Nhulunbuy,AU,2022-01-06 21:16:57,overcast clouds,-12.2333,136.7667,77.61,88,100,3.44
413,Khartoum,SD,2022-01-06 21:15:49,scattered clouds,15.5518,32.5324,72.61,22,29,9.66
414,Ozinki,RU,2022-01-06 21:16:58,overcast clouds,51.1786,49.6769,35.15,100,100,16.17
415,Oyotun,PE,2022-01-06 21:16:58,light rain,-6.8519,-79.3036,74.79,49,28,10.13
416,Caravelas,BR,2022-01-06 21:12:21,overcast clouds,-17.7125,-39.2481,78.1,78,100,10.8
417,Bathsheba,BB,2022-01-06 21:16:59,scattered clouds,13.2167,-59.5167,81.21,65,40,14.97
418,Bharatpur,IN,2022-01-06 21:16:59,broken clouds,27.2167,77.4833,55.87,99,51,6.51
419,Divnogorsk,RU,2022-01-06 21:16:59,overcast clouds,55.9594,92.3619,3.74,99,96,3.8
420,Sisimiut,GL,2022-01-06 21:17:00,overcast clouds,66.9395,-53.6735,17.37,82,100,5.03
421,Yuancheng,CN,2022-01-06 21:17:00,overcast clouds,36.652,107.7896,28.69,83,100,4.23
422,Champasak,LA,2022-01-06 21:17:01,clear sky,14.75,106.0,66.63,83,9,1.14
423,Dawei,MM,2022-01-06 21:17:01,clear sky,14.0833,98.2,70.59,70,8,3.51
424,Kainantu,PG,2022-01-06 21:17:01,overcast clouds,-6.2887,145.8655,60.67,98,100,1.72
425,Gat,IL,2022-01-06 21:17:01,overcast clouds,31.61,34.7642,60.4,65,87,2.95
426,Waipawa,NZ,2022-01-06 21:17:02,overcast clouds,-41.4122,175.5153,54.45,66,100,13.69
427,Ilulissat,GL,2022-01-06 21:17:02,light snow,69.2167,-51.1,24.82,80,75,14.97
428,Tiznit,MA,2022-01-06 21:17:02,clear sky,29.5833,-9.5,58.01,54,0,4.21
429,Yarmouth,US,2022-01-06 21:17:03,clear sky,41.7057,-70.2286,39.99,67,0,4.0
430,Solnechnyy,RU,2022-01-06 21:17:03,scattered clouds,50.7214,136.6319,-18.47,97,30,3.0
431,San Rafael,AR,2022-01-06 21:15:45,clear sky,-34.6177,-68.3301,92.82,19,1,19.84
432,Faya,SA,2022-01-06 21:17:03,broken clouds,18.3851,42.4509,53.71,84,51,3.56
433,Maymyo,MM,2022-01-06 21:17:04,clear sky,22.0333,96.4667,51.96,58,5,3.04
434,Ak-Dovurak,RU,2022-01-06 21:17:04,overcast clouds,51.1833,90.6,-4.61,96,100,0.94
435,Xining,CN,2022-01-06 21:17:05,overcast clouds,36.6167,101.7667,25.9,40,100,1.83
436,Tamworth,GB,2022-01-06 21:13:44,light rain,52.634,-1.6959,44.47,87,61,4.0
437,Jining,CN,2022-01-06 21:17:05,overcast clouds,35.405,116.5814,39.96,61,100,2.21
438,Vardo,NO,2022-01-06 21:17:06,broken clouds,70.3705,31.1107,28.38,59,75,24.16
439,Itaituba,BR,2022-01-06 21:17:06,few clouds,-4.2761,-55.9836,80.76,89,20,0.0
440,Tres Arroyos,AR,2022-01-06 21:17:06,clear sky,-38.3739,-60.2798,93.79,12,7,9.44
441,Skovorodino,RU,2022-01-06 21:17:06,overcast clouds,53.9833,123.9167,-3.5,97,100,1.5
442,Kavaratti,IN,2022-01-06 21:17:07,few clouds,10.5669,72.642,79.77,68,18,6.67
443,Vestmannaeyjar,IS,2022-01-06 21:17:07,overcast clouds,63.4427,-20.2734,41.11,58,100,25.5
444,Ondarroa,ES,2022-01-06 21:17:08,broken clouds,43.3167,-2.4167,45.1,67,80,4.74
445,Dunedin,NZ,2022-01-06 21:17:08,broken clouds,-45.8742,170.5036,56.53,62,64,13.49
446,Chikwawa,MW,2022-01-06 21:17:08,overcast clouds,-16.0335,34.8009,74.86,90,100,2.84
447,Antsohihy,MG,2022-01-06 21:17:09,overcast clouds,-14.8796,47.9875,75.83,91,100,0.81
448,Neryungri,RU,2022-01-06 21:17:09,light snow,56.6709,124.6491,0.43,99,100,2.44
449,Zaragoza,ES,2022-01-06 21:17:09,clear sky,41.6561,-0.8773,41.81,62,0,7.0
450,Sambava,MG,2022-01-06 21:17:10,overcast clouds,-14.2667,50.1667,74.48,94,100,4.14
451,Hamilton,US,2022-01-06 21:15:12,mist,39.1834,-84.5333,21.36,84,100,1.01
452,Watertown,US,2022-01-06 21:15:12,clear sky,42.3709,-71.1828,37.15,57,0,3.0
453,Nayoro,JP,2022-01-06 21:17:10,broken clouds,44.3506,142.4578,6.64,98,59,3.31
454,Kuantan,MY,2022-01-06 21:17:11,few clouds,3.8077,103.326,73.51,94,20,3.44
455,Bijie,CN,2022-01-06 21:17:11,overcast clouds,27.3125,105.2942,37.08,98,100,4.5
456,Cockburn Town,TC,2022-01-06 21:17:11,clear sky,21.4612,-71.1419,79.09,71,4,13.8
457,Mizdah,LY,2022-01-06 21:17:12,broken clouds,31.4451,12.9801,49.69,49,61,8.37
458,Amahai,ID,2022-01-06 21:17:12,overcast clouds,-3.3333,128.9167,77.85,83,98,3.67
459,Alyangula,AU,2022-01-06 21:17:13,overcast clouds,-13.8483,136.4192,83.05,67,100,8.59
460,Fairbanks,US,2022-01-06 21:17:13,overcast clouds,64.8378,-147.7164,-6.9,71,100,0.0
461,Ibimirim,BR,2022-01-06 21:17:13,overcast clouds,-8.5406,-37.6903,83.53,51,100,4.05
462,Biggar,GB,2022-01-06 21:17:14,overcast clouds,55.6167,-3.5167,38.89,95,100,14.56
463,Naze,JP,2022-01-06 21:17:14,scattered clouds,28.3667,129.4833,56.98,65,34,13.35
464,Morant Bay,JM,2022-01-06 21:17:14,clear sky,17.8815,-76.4093,85.62,67,4,11.54
465,Zastron,ZA,2022-01-06 21:17:15,overcast clouds,-30.3023,27.084,65.01,65,99,4.54
466,Camargo,MX,2022-01-06 21:17:15,clear sky,27.6667,-105.1667,72.39,10,0,3.87
467,Kokopo,PG,2022-01-06 21:17:15,light rain,-4.352,152.2633,77.63,83,100,5.59
468,Negara,ID,2022-01-06 21:17:16,overcast clouds,-8.3151,114.6025,75.49,86,87,1.83
469,Makakilo City,US,2022-01-06 21:17:16,broken clouds,21.3469,-158.0858,79.12,69,75,5.75
470,Asau,RO,2022-01-06 21:17:16,broken clouds,46.4333,26.4,36.75,96,84,5.1
471,Gazli,UZ,2022-01-06 21:17:17,clear sky,40.1333,63.45,35.51,74,1,4.88
472,Aykhal,RU,2022-01-06 21:17:17,overcast clouds,66.0,111.5,-4.67,98,100,5.57
473,Portland,US,2022-01-06 21:15:06,mist,45.5234,-122.6762,56.08,91,100,4.0
474,Kidal,ML,2022-01-06 21:17:17,scattered clouds,18.4411,1.4078,67.32,18,27,5.97
475,San Policarpo,PH,2022-01-06 21:17:18,overcast clouds,12.1791,125.5072,78.01,85,94,12.01
476,Brunico,IT,2022-01-06 21:17:18,few clouds,46.7958,11.9364,28.98,86,21,3.13
477,Bachaquero,VE,2022-01-06 21:17:19,few clouds,9.9694,-71.1494,84.22,59,12,8.72
478,Prince Rupert,CA,2022-01-06 21:14:49,overcast clouds,54.3161,-130.3201,17.47,72,100,6.42
479,Taltal,CL,2022-01-06 21:17:19,few clouds,-25.4,-70.4833,71.37,67,23,8.72
480,Rurrenabaque,BO,2022-01-06 21:17:19,overcast clouds,-14.4413,-67.5278,83.89,81,100,1.32
481,Oistins,BB,2022-01-06 21:17:20,scattered clouds,13.0667,-59.5333,80.69,65,40,14.97
482,Bereda,ES,2022-01-06 21:17:20,overcast clouds,43.2686,-7.5406,51.42,100,100,1.9
483,Huarmey,PE,2022-01-06 21:17:20,few clouds,-10.0681,-78.1522,74.28,76,20,10.22
484,Trzebiatow,PL,2022-01-06 21:17:21,clear sky,54.0615,15.2648,29.86,76,7,10.45
485,Luanda,AO,2022-01-06 21:17:21,scattered clouds,-8.8368,13.2343,78.8,83,40,9.22
486,Santa Fe,AR,2022-01-06 21:17:22,light rain,-31.6333,-60.7,92.01,25,1,4.0
487,Zamosc,PL,2022-01-06 21:17:22,broken clouds,50.7231,23.252,30.04,80,71,16.22
488,Syracuse,IT,2022-01-06 21:17:22,overcast clouds,37.0881,15.2792,54.61,79,100,10.27
489,Lethbridge,CA,2022-01-06 21:12:49,overcast clouds,49.7,-112.8186,-1.91,75,100,2.55
490,Kununurra,AU,2022-01-06 21:17:23,scattered clouds,-15.7667,128.7333,78.78,78,40,11.5
491,Vokhtoga,RU,2022-01-06 21:17:23,light snow,58.8147,41.0461,23.85,95,97,8.46
492,Tortoli,IT,2022-01-06 21:17:24,clear sky,39.9256,9.6572,44.42,70,0,2.3
493,Magistralnyy,RU,2022-01-06 21:17:24,light snow,56.1725,107.4458,16.21,97,100,1.03
494,Farafangana,MG,2022-01-06 21:17:24,light rain,-22.8167,47.8333,74.25,89,100,5.12
495,Garissa,KE,2022-01-06 21:17:25,overcast clouds,-0.4536,39.6401,82.53,64,87,7.38
496,Ambilobe,MG,2022-01-06 21:17:25,overcast clouds,-13.2,49.05,76.3,91,100,1.61
497,Havelock,US,2022-01-06 21:17:25,overcast clouds,34.8791,-76.9013,55.98,66,100,1.99
498,Thurso,GB,2022-01-06 21:17:26,overcast clouds,58.5927,-3.5259,40.95,97,98,13.11
499,Bowen,AU,2022-01-06 21:17:26,broken clouds,-20.0167,148.2333,83.84,81,62,5.32
500,Amatan,MX,2022-01-06 21:17:27,clear sky,17.35,-92.75,80.64,65,9,4.45
501,Santa Vitoria Do Palmar,BR,2022-01-06 21:17:27,clear sky,-33.5189,-53.3681,71.96,53,1,12.06
502,Aitape,PG,2022-01-06 21:17:27,heavy intensity rain,-3.1374,142.3475,77.41,88,100,4.85
503,Sao Miguel Do Araguaia,BR,2022-01-06 21:13:08,overcast clouds,-13.275,-50.1628,77.7,90,92,6.53
504,Olafsvik,IS,2022-01-06 21:17:28,overcast clouds,64.8945,-23.7142,39.36,71,100,28.54
505,Nefteyugansk,RU,2022-01-06 21:17:28,broken clouds,61.0998,72.6035,-19.86,96,61,10.4
506,Cozumel,MX,2022-01-06 21:17:29,clear sky,20.5083,-86.9458,82.47,61,0,8.01
507,Acapulco,MX,2022-01-06 21:14:36,clear sky,16.8634,-99.8901,85.82,70,0,4.61
508,Saint-Joseph,RE,2022-01-06 21:17:29,overcast clouds,-21.3667,55.6167,73.78,76,100,4.16
509,Vysha,RU,2022-01-06 21:17:29,overcast clouds,53.8477,42.3777,32.25,94,100,9.08
510,Samarai,PG,2022-01-06 21:17:30,overcast clouds,-10.6167,150.6667,80.06,81,98,4.07
511,Narsaq,GL,2022-01-06 21:17:30,broken clouds,60.9167,-46.05,12.87,71,59,13.62
512,Tual,ID,2022-01-06 21:17:30,overcast clouds,-5.6667,132.75,83.05,78,95,16.06
513,Hantsport,CA,2022-01-06 21:17:31,scattered clouds,45.0668,-64.1654,39.69,83,45,7.05
514,Yuzhou,CN,2022-01-06 21:17:31,overcast clouds,34.1628,113.4639,34.07,90,100,0.6
515,Flores,GT,2022-01-06 21:17:31,clear sky,16.9226,-89.8994,86.14,52,4,3.56
516,Mogadishu,SO,2022-01-06 21:16:18,overcast clouds,2.0371,45.3438,78.46,86,89,18.79
517,Diamantina,BR,2022-01-06 21:17:32,overcast clouds,-18.2494,-43.6003,67.84,88,100,3.29
518,Mandalgovi,MN,2022-01-06 21:17:32,clear sky,45.7625,106.2708,13.8,40,6,8.12
519,Banjar,ID,2022-01-06 21:17:33,overcast clouds,-8.19,114.9675,78.66,86,99,3.38
520,Lata,PT,2022-01-06 21:17:33,broken clouds,40.1629,-8.3327,50.81,96,68,2.86
521,Verkhoyansk,RU,2022-01-06 21:17:33,overcast clouds,67.5447,133.385,-46.86,97,96,2.33
522,Kelvington,CA,2022-01-06 21:17:34,scattered clouds,52.1667,-103.5343,-25.01,98,49,4.72
523,Pedernales,DO,2022-01-06 21:17:34,few clouds,18.0384,-71.744,82.08,60,18,6.46
524,Aksehir,TR,2022-01-06 21:17:35,scattered clouds,38.3575,31.4164,44.11,81,34,3.15
525,Ulaangom,MN,2022-01-06 21:15:41,overcast clouds,49.9811,92.0667,-11.15,94,100,0.6
526,Newport,GB,2022-01-06 21:14:47,light rain,51.5877,-2.9984,45.14,85,59,20.38
527,Port Hawkesbury,CA,2022-01-06 21:17:35,broken clouds,45.6169,-61.3485,36.88,93,70,11.99
528,Nisia Floresta,BR,2022-01-06 21:17:35,scattered clouds,-6.0911,-35.2086,83.21,75,32,7.14
529,Haimen,CN,2022-01-06 21:17:36,overcast clouds,23.1935,116.6142,58.89,76,99,22.35
530,Moose Factory,CA,2022-01-06 21:17:36,overcast clouds,51.2585,-80.6094,-9.18,93,95,4.68
531,Bud,US,2022-01-06 21:17:37,overcast clouds,39.447,-86.1758,19.45,71,100,12.39
532,Shiyan,CN,2022-01-06 21:17:37,overcast clouds,32.6475,110.7781,36.19,98,100,2.62
533,Uhlove,UA,2022-01-06 21:17:39,broken clouds,44.8215,33.6045,49.57,93,77,14.63
534,Neftegorsk,RU,2022-01-06 21:17:39,light rain,52.802,51.166,35.35,100,100,17.56
535,Altay,CN,2022-01-06 21:17:41,broken clouds,47.8667,88.1167,18.63,61,58,7.31
536,Mudgee,AU,2022-01-06 21:17:42,overcast clouds,-32.5943,149.5871,68.79,100,100,6.91
537,Mandera,KE,2022-01-06 21:17:42,overcast clouds,3.9366,41.867,86.0,33,100,9.73
538,Gashua,NG,2022-01-06 21:17:43,broken clouds,12.871,11.0482,72.19,22,72,9.13
539,Alice Springs,AU,2022-01-06 21:17:43,scattered clouds,-23.7,133.8833,63.95,42,31,5.75
540,Vila Velha,BR,2022-01-06 21:14:21,broken clouds,-20.3297,-40.2925,80.94,80,75,1.01
541,Ketchikan,US,2022-01-06 21:17:43,clear sky,55.3422,-131.6461,28.38,58,0,11.5
542,San Carlos,VE,2022-01-06 21:17:44,few clouds,9.6612,-68.5827,92.08,23,16,4.85
543,Shatrovo,RU,2022-01-06 21:17:44,overcast clouds,56.5167,64.6333,7.59,98,100,7.09
544,Coquimbo,CL,2022-01-06 21:13:16,clear sky,-29.9533,-71.3436,65.93,72,0,14.97
545,Vega De Alatorre,MX,2022-01-06 21:17:45,scattered clouds,20.0333,-96.6333,77.18,71,25,4.47
546,Arrecife,ES,2022-01-06 21:16:09,scattered clouds,28.963,-13.5477,66.18,72,40,23.02
547,Ures,MX,2022-01-06 21:17:46,clear sky,29.4333,-110.4,74.12,19,8,3.06
548,Taiyuan,CN,2022-01-06 21:17:47,haze,37.8694,112.5603,28.26,64,11,0.0
549,Senno,RU,2022-01-06 21:17:47,light snow,59.5336,33.9167,15.94,95,100,8.79
550,Loningen,DE,2022-01-06 21:17:48,overcast clouds,52.7333,7.7667,37.42,88,94,13.18
551,Leh,IN,2022-01-06 21:17:49,few clouds,34.1667,77.5833,2.88,81,15,3.42
552,Chuy,UY,2022-01-06 21:17:49,clear sky,-33.6971,-53.4616,71.64,53,0,11.97
553,Mombetsu,JP,2022-01-06 21:14:27,overcast clouds,44.3525,143.3525,14.72,88,87,4.38
554,Nelson Bay,AU,2022-01-06 21:17:50,overcast clouds,-32.7167,152.15,75.96,91,98,3.0
555,Parchim,DE,2022-01-06 21:17:50,scattered clouds,53.4263,11.8488,32.72,93,35,7.45
556,Barentu,ER,2022-01-06 21:17:51,overcast clouds,15.1139,37.5928,68.61,41,98,4.63
557,Puerto Del Rosario,ES,2022-01-06 21:17:51,few clouds,28.5004,-13.8627,65.88,77,20,17.27
558,Abu Samrah,SY,2022-01-06 21:17:52,scattered clouds,35.3029,37.1841,51.6,78,44,6.78
559,Akureyri,IS,2022-01-06 21:13:43,few clouds,65.6835,-18.0878,23.13,82,15,8.99
560,San Luis,AR,2022-01-06 21:17:52,few clouds,-33.295,-66.3356,90.81,21,11,12.21
561,Bestobe,KZ,2022-01-06 21:17:53,overcast clouds,52.4994,73.0975,11.37,83,97,8.5
562,Onda,ES,2022-01-06 21:17:53,broken clouds,39.9667,-0.25,45.86,39,51,6.02
563,Inirida,CO,2022-01-06 21:17:54,overcast clouds,3.8653,-67.9239,86.85,51,91,2.33
564,Nalut,LY,2022-01-06 21:17:54,broken clouds,30.3333,10.85,48.29,41,58,7.76
565,Mancio Lima,BR,2022-01-06 21:17:55,scattered clouds,-7.6142,-72.8958,93.27,43,40,0.0
566,Toktogul,KG,2022-01-06 21:17:55,overcast clouds,41.8708,72.9402,31.37,77,96,2.42
567,Taber,CA,2022-01-06 21:15:04,light snow,49.8167,-112.1518,0.28,91,100,9.86
568,Katsuura,JP,2022-01-06 21:17:55,few clouds,35.1333,140.3,28.51,71,18,10.98
569,Oliveira Dos Brejinhos,BR,2022-01-06 21:17:56,broken clouds,-12.3169,-42.8961,74.08,85,75,3.89
570,Angoche,MZ,2022-01-06 21:17:56,light rain,-16.2325,39.9086,78.13,87,100,2.93
571,Semporna,MY,2022-01-06 21:17:57,scattered clouds,4.4818,118.6112,73.6,90,28,7.85
572,Spirit River,CA,2022-01-06 21:15:13,overcast clouds,55.7833,-118.8361,-23.48,96,91,1.83
573,Hinton,CA,2022-01-06 21:17:57,overcast clouds,53.4001,-117.5857,5.2,89,100,2.46
574,Chimoio,MZ,2022-01-06 21:17:58,light rain,-19.1164,33.4833,67.32,96,100,3.22
575,Roebourne,AU,2022-01-06 21:17:58,broken clouds,-20.7833,117.1333,84.58,68,84,10.47
576,Camara De Lobos,PT,2022-01-06 21:17:58,scattered clouds,32.6333,-16.9667,64.0,84,40,1.99
577,Penzance,GB,2022-01-06 21:17:59,overcast clouds,50.1186,-5.5371,48.88,68,94,33.55
578,Mizan Teferi,ET,2022-01-06 21:17:59,scattered clouds,6.9833,35.5833,64.89,72,49,1.97
579,Ellisras,ZA,2022-01-06 21:18:00,light rain,-23.6649,27.7443,75.49,65,88,9.35
580,Talavera,PH,2022-01-06 21:18:00,overcast clouds,15.6167,120.9333,68.45,89,95,3.2
581,Tuatapere,NZ,2022-01-06 21:18:01,scattered clouds,-46.1333,167.6833,54.82,59,32,1.19
582,Ramgarh,IN,2022-01-06 21:18:01,clear sky,23.6333,85.5167,60.85,54,0,3.53
583,Weyburn,CA,2022-01-06 21:13:20,scattered clouds,49.6668,-103.8511,-20.13,95,26,3.71
584,Novikovo,RU,2022-01-06 21:18:02,overcast clouds,51.1537,37.8879,29.61,94,100,3.96
585,Buriti Dos Lopes,BR,2022-01-06 21:18:02,scattered clouds,-3.175,-41.8669,83.95,72,30,8.46
586,Constitucion,CL,2022-01-06 21:18:03,few clouds,-35.3333,-72.4167,66.85,67,18,13.6
587,Camabatela,AO,2022-01-06 21:18:03,light rain,-8.1881,15.375,62.87,97,100,2.98
588,Guaira,BR,2022-01-06 21:18:03,overcast clouds,-20.3183,-48.3106,73.83,89,98,3.36
589,Billings,US,2022-01-06 21:16:41,light snow,45.7833,-108.5007,12.36,76,100,4.61
590,Misratah,LY,2022-01-06 21:18:04,few clouds,32.3754,15.0925,60.66,58,22,9.53
591,Farah,AF,2022-01-06 21:18:04,overcast clouds,32.5,62.5,40.73,63,100,6.06
592,Kannauj,IN,2022-01-06 21:18:05,overcast clouds,27.0546,79.922,57.29,96,86,2.93
593,Nuevo Progreso,MX,2022-01-06 21:18:05,scattered clouds,23.1667,-97.95,84.6,65,25,8.99
594,Metro,ID,2022-01-06 21:18:06,overcast clouds,-5.1131,105.3067,75.7,92,100,3.69
595,Manga,BF,2022-01-06 21:18:06,broken clouds,11.6636,-1.0731,76.6,20,61,8.7
596,Akdepe,TM,2022-01-06 21:18:06,few clouds,42.0551,59.3788,32.0,84,15,5.68
597,Scarborough,GB,2022-01-06 21:18:07,overcast clouds,54.2797,-0.4044,42.08,88,88,1.99
598,Kamaishi,JP,2022-01-06 21:18:07,broken clouds,39.2667,141.8833,32.83,83,75,10.56
599,Ruteng,ID,2022-01-06 21:18:07,overcast clouds,-8.6136,120.4721,62.2,88,100,0.74
600,Svetlogorsk,BY,2022-01-06 21:18:08,light snow,52.6333,29.7333,32.29,90,100,10.76
601,Hovd,MN,2022-01-06 21:18:08,scattered clouds,48.0056,91.6419,2.05,82,32,2.46
602,Mount Isa,AU,2022-01-06 21:18:09,clear sky,-20.7333,139.5,76.77,23,7,8.05
603,Lamu,KE,2022-01-06 21:18:09,few clouds,-2.2717,40.902,80.82,82,13,12.84
604,Shimanovsk,RU,2022-01-06 21:18:09,light snow,52.0,127.7,-4.38,98,100,2.55
605,Lucea,JM,2022-01-06 21:18:10,clear sky,18.451,-78.1736,83.86,66,0,12.53
606,Laela,TZ,2022-01-06 21:18:10,overcast clouds,-8.5667,32.05,62.06,88,100,2.75
607,Port Lincoln,AU,2022-01-06 21:18:10,overcast clouds,-34.7333,135.8667,61.48,78,100,15.28
608,Kristiansund,NO,2022-01-06 21:18:11,clear sky,63.1115,7.732,27.25,74,0,8.05
609,Tahta,EG,2022-01-06 21:18:11,scattered clouds,26.7693,31.5021,57.99,45,39,5.35
610,Nanganga,TZ,2022-01-06 21:18:11,light rain,-10.3833,39.15,74.03,96,100,2.89
611,Zhigansk,RU,2022-01-06 21:18:12,overcast clouds,66.7697,123.3711,-29.97,94,100,11.25
612,Cap Malheureux,MU,2022-01-06 21:18:12,light rain,-19.9842,57.6142,75.69,90,100,8.14
613,Okhotsk,RU,2022-01-06 21:18:12,overcast clouds,59.3833,143.3,5.9,85,95,7.56
614,Kamyshevatskaya,RU,2022-01-06 21:18:13,scattered clouds,46.4132,37.9563,46.33,96,28,18.95
615,Laurinburg,US,2022-01-06 21:18:13,clear sky,34.7741,-79.4628,61.5,44,0,1.01
616,Kembe,CF,2022-01-06 21:18:13,broken clouds,4.6228,21.8865,74.68,36,83,2.53
617,Tenenkou,ML,2022-01-06 21:18:14,scattered clouds,14.4572,-4.9169,71.1,17,45,9.28
618,Qinhuangdao,CN,2022-01-06 21:18:14,clear sky,39.9317,119.5883,26.24,81,1,7.78
619,Ambulu,ID,2022-01-06 21:18:14,overcast clouds,-8.345,113.6058,75.7,88,86,3.15
620,Tazovskiy,RU,2022-01-06 21:18:15,broken clouds,67.4667,78.7,-21.03,88,51,9.84
621,Port Augusta,AU,2022-01-06 21:18:15,broken clouds,-32.5,137.7667,65.71,78,54,14.16
622,Sorong,ID,2022-01-06 21:18:15,broken clouds,-0.8833,131.25,78.08,84,69,3.76
623,Likasi,CD,2022-01-06 21:18:16,overcast clouds,-10.9814,26.7333,62.65,95,95,2.13
624,Baykit,RU,2022-01-06 21:18:16,overcast clouds,61.67,96.37,-1.5,99,100,3.29
625,Bolobo,CD,2022-01-06 21:18:17,overcast clouds,-2.1667,16.2333,78.93,64,100,1.61
626,Srednekolymsk,RU,2022-01-06 21:18:17,overcast clouds,67.45,153.6833,-14.66,97,100,5.48
627,Mazagao,BR,2022-01-06 21:18:17,overcast clouds,-0.115,-51.2894,82.45,84,99,4.79
628,Natal,BR,2022-01-06 21:14:27,scattered clouds,-5.795,-35.2094,83.05,69,40,11.5
629,Meadow Lake,US,2022-01-06 21:17:26,overcast clouds,34.8014,-106.5436,59.77,32,98,4.36
630,Teya,RU,2022-01-06 21:18:18,overcast clouds,60.3778,92.6267,-7.58,98,98,2.82
631,Galesong,ID,2022-01-06 21:18:18,overcast clouds,-5.3166,119.3661,77.02,80,100,5.17
632,Rio Grande,BR,2022-01-06 21:18:19,scattered clouds,-32.035,-52.0986,75.31,62,33,14.99
633,Ixtapa,MX,2022-01-06 21:18:19,clear sky,20.7,-105.2,76.23,73,0,9.22
634,Jalu,LY,2022-01-06 21:18:19,clear sky,29.0331,21.5482,59.38,42,0,0.6
635,Mnogovershinnyy,RU,2022-01-06 21:18:20,few clouds,53.9353,139.9242,-15.23,83,14,4.83
636,Hvittingfoss,NO,2022-01-06 21:18:20,broken clouds,59.4833,10.0167,21.31,96,78,4.97
637,Sotnikovo,RU,2022-01-06 21:18:20,smoke,51.8845,107.4791,0.03,78,100,2.24
638,Berlevag,NO,2022-01-06 21:18:21,scattered clouds,70.8578,29.0864,28.35,54,40,14.97
639,Winnipeg,CA,2022-01-06 21:16:55,overcast clouds,49.8844,-97.147,-9.98,77,93,1.01
640,Saryg-Sep,RU,2022-01-06 21:18:21,broken clouds,51.5,95.6,-12.77,99,80,2.42
641,Tessalit,ML,2022-01-06 21:18:21,overcast clouds,20.1986,1.0114,65.08,20,89,5.37
642,Guilin,CN,2022-01-06 21:18:22,overcast clouds,25.2819,110.2864,44.71,79,100,6.69
643,Saint-Louis,SN,2022-01-06 21:18:22,overcast clouds,16.3333,-15.0,76.03,13,100,9.86
644,Laguna,US,2022-01-06 21:18:23,mist,38.421,-121.4238,61.21,87,100,1.01
645,Kabanjahe,ID,2022-01-06 21:14:33,overcast clouds,3.1001,98.4908,61.27,91,100,1.12
646,Altamira,BR,2022-01-06 21:18:23,broken clouds,-3.2033,-52.2064,84.29,74,75,5.75
647,Fukue,JP,2022-01-06 21:18:24,overcast clouds,32.6881,128.8419,51.4,57,100,16.2
648,Kerouane,GN,2022-01-06 21:18:24,broken clouds,9.2667,-9.0167,75.4,25,53,3.18
649,Sirjan,IR,2022-01-06 21:18:24,clear sky,29.452,55.6814,33.33,60,0,6.38
650,Pitrufquen,CL,2022-01-06 21:18:25,clear sky,-38.9833,-72.65,73.42,60,0,12.66
651,Coari,BR,2022-01-06 21:14:30,overcast clouds,-4.085,-63.1414,76.53,92,94,2.59
652,Zyryanka,RU,2022-01-06 21:18:25,overcast clouds,65.75,150.85,-24.09,98,100,5.06
653,Nur,PL,2022-01-06 21:18:26,overcast clouds,52.6683,22.3221,30.78,89,97,11.14
654,North Bend,US,2022-01-06 21:18:26,broken clouds,43.4065,-124.2243,58.91,86,75,12.66
655,Chicama,PE,2022-01-06 21:18:26,few clouds,-7.8447,-79.1469,68.54,64,14,10.8
656,Mattru,SL,2022-01-06 21:18:27,clear sky,7.6244,-11.8332,78.4,81,5,4.18
657,Khvoynaya,RU,2022-01-06 21:18:27,overcast clouds,58.9,34.5333,17.87,93,100,8.72
658,Skibbereen,IE,2022-01-06 21:18:27,broken clouds,51.55,-9.2667,37.2,66,59,30.11
659,Barcelos,PT,2022-01-06 21:18:28,broken clouds,41.5388,-8.6151,50.29,91,54,2.24
660,Talakan,RU,2022-01-06 21:18:28,overcast clouds,50.3167,130.3667,-7.82,95,100,1.68
661,Urucara,BR,2022-01-06 21:18:28,broken clouds,-2.5364,-57.76,78.01,85,72,3.2
662,Mankachar,IN,2022-01-06 21:18:29,clear sky,25.5333,89.8667,61.72,62,1,5.08
663,Riyadh,SA,2022-01-06 21:14:09,broken clouds,24.6877,46.7219,48.34,49,67,5.77
664,Nauen,DE,2022-01-06 21:18:29,clear sky,52.607,12.8737,34.45,93,6,6.15
665,Borogontsy,RU,2022-01-06 21:18:30,overcast clouds,62.6683,131.1683,-42.29,100,87,2.24
666,Marsh Harbour,BS,2022-01-06 21:18:30,clear sky,26.5412,-77.0636,76.14,71,3,12.24
667,Rawson,AR,2022-01-06 21:18:31,clear sky,-43.3002,-65.1023,73.35,47,8,15.86
668,Varhaug,NO,2022-01-06 21:18:31,light snow,58.6147,5.6457,38.89,78,100,20.45
669,Beloslav,BG,2022-01-06 21:18:31,clear sky,43.1833,27.7,51.85,88,0,5.01
670,Pimentel,PE,2022-01-06 21:18:32,clear sky,-6.8367,-79.9342,77.29,61,0,20.71
671,Mabaruma,GY,2022-01-06 21:18:32,overcast clouds,8.2,-59.7833,76.98,81,95,5.48
672,Awjilah,LY,2022-01-06 21:18:32,clear sky,29.1081,21.2869,58.91,43,0,0.98
673,Qaqortoq,GL,2022-01-06 21:18:33,few clouds,60.7167,-46.0333,15.78,72,22,19.3
674,Avera,US,2022-01-06 21:18:33,clear sky,33.194,-82.5271,64.71,56,4,13.67
675,Tupilati,RO,2022-01-06 21:18:33,overcast clouds,47.0667,26.6333,38.16,92,100,3.49
676,Luba,GQ,2022-01-06 21:18:34,broken clouds,3.4568,8.5547,82.45,79,67,10.45
677,Kagoro,NG,2022-01-06 21:18:34,scattered clouds,9.6,8.3833,73.13,32,44,2.91
678,Obo,CF,2022-01-06 21:18:34,broken clouds,5.3998,26.4869,75.58,32,80,4.56
679,Kautokeino,NO,2022-01-06 21:18:35,few clouds,69.0125,23.0412,8.15,88,15,10.94
680,Manokwari,ID,2022-01-06 21:18:35,overcast clouds,-0.8667,134.0833,77.92,78,88,3.91
681,Lensk,RU,2022-01-06 21:18:36,light snow,60.7253,114.9278,16.05,95,100,6.29
682,Plastun,RU,2022-01-06 21:18:36,clear sky,44.7561,136.2939,3.33,71,3,10.49
683,Praia,CV,2022-01-06 21:18:36,broken clouds,14.9215,-23.5087,73.94,68,75,17.27
684,Santa Pola,ES,2022-01-06 21:18:37,clear sky,38.1917,-0.5658,51.49,62,0,1.99
685,Soe,ID,2022-01-06 21:18:37,overcast clouds,-9.8607,124.284,66.47,92,100,2.21
686,Usinsk,RU,2022-01-06 21:18:37,overcast clouds,65.9939,57.5281,2.48,92,100,9.33
687,Honningsvag,NO,2022-01-06 21:18:38,broken clouds,70.9821,25.9704,13.53,47,84,11.27
688,Butembo,CD,2022-01-06 21:18:38,broken clouds,0.15,29.2833,60.24,73,55,3.18
689,Spencer,US,2022-01-06 21:18:38,clear sky,43.1414,-95.1444,2.88,58,0,14.97
690,Teguise,ES,2022-01-06 21:18:39,scattered clouds,29.0605,-13.564,62.82,72,40,23.02
691,Dakar,SN,2022-01-06 21:14:39,overcast clouds,14.6937,-17.4441,76.08,70,88,16.98
692,Kuvandyk,RU,2022-01-06 21:18:39,snow,51.4781,57.3552,28.54,97,100,13.35
693,Santa Maria,BR,2022-01-06 21:16:21,clear sky,-29.6842,-53.8069,83.03,37,0,13.44
694,Tavagnacco,IT,2022-01-06 21:18:40,clear sky,46.1272,13.2132,37.27,73,3,7.16
695,Nechi,CO,2022-01-06 21:16:06,overcast clouds,8.0942,-74.7757,87.75,58,95,4.16
696,Orange,US,2022-01-06 21:18:40,clear sky,33.7,-117.7675,81.86,52,0,1.01
697,Harper,LR,2022-01-06 21:18:41,broken clouds,4.375,-7.7169,80.31,81,76,8.01
698,Flinders,AU,2022-01-06 21:18:41,light rain,-34.5833,150.8552,74.21,92,100,1.99
699,Mareeba,AU,2022-01-06 21:18:42,scattered clouds,-17.0,145.4333,79.52,90,43,2.04
